{
    "user_batchSize": 10000,
    "total_userCount": 1000100,
    "total_timetaken_user_knex": 147786,
    "total_timetaken_user_redis": 122119,
    "avg_timetaken_user_knex": 0.14777122287771222,
    "avg_timetaken_user_redis": 0.12210678932106789,
    "avg_timetaken_user_knex_batch": 14.7786,
    "avg_timetaken_user_redis_batch": 12.2119,
    "txn_batchSize": 122262,
    "total_txnCount": 12226247,
    "total_timetaken_txn_knex": 5293304,
    "total_timetaken_txn_redis": 2164477,
    "avg_timetaken_txn_knex": 5.2927747225277475,
    "avg_timetaken_txn_redis": 2.164260573942606,
    "avg_timetaken_txn_knex_batch": 4329.459399928694,
    "avg_timetaken_txn_redis_batch": 1770.3527501121152
}
